{"RuleTriggered": 13, "Violations": 13, "Details": {"algo-1": {"cpu": {"p25": 51.019999999999996, "p50": 51.989999999999995, "p75": 53.5725, "p95": 84.25299999999996, "upper": 57.401250000000005, "lower": 47.19125}, "gpu0": {"p25": 0.0, "p50": 0.0, "p75": 0.0, "p95": 0.0, "upper": 0.0, "lower": 0.0}, "gpu0_memory": {"p25": 0.0, "p50": 0.0, "p75": 0.0, "p95": 0.0, "upper": 0.0, "lower": 0.0}}, "last_timestamp": 1713339780000000}, "Datapoints": 2525, "RuleParameters": "cpu_threshold_p95:70\ngpu_threshold_p95:70\ngpu_memory_threshold_p95:70\npatience:1000\nwindow:500"}