{"RuleTriggered": 0, "Violations": 11, "Details": {"low_gpu_utilization": 2526, "bottlenecks": {"1713339848.001544": {"GPUs": 1, "CPUs": 1}, "1713339855.501929": {"GPUs": 1, "CPUs": 1}, "1713339895.502143": {"GPUs": 1, "CPUs": 1}, "1713339900.002049": {"GPUs": 1, "CPUs": 2}, "1713339900.502355": {"GPUs": 1, "CPUs": 1}, "1713340063.502195": {"GPUs": 1, "CPUs": 1}, "1713340064.002392": {"GPUs": 1, "CPUs": 1}, "1713340069.002553": {"GPUs": 1, "CPUs": 1}, "1713340072.502194": {"GPUs": 1, "CPUs": 1}, "1713340073.002315": {"GPUs": 1, "CPUs": 1}, "1713340073.502318": {"GPUs": 1, "CPUs": 1}}}, "Datapoints": 2540, "RuleParameters": "threshold:50\nio_threshold:50\ngpu_threshold:10\npatience:1000"}